EmployeeNumber,Department,MonthlyIncome,YearsAtCompany,Attrition,RiskScore,RiskCategory
1,Sales,5993,6,Yes,81.66666666666667,High
2,Research & Development,5130,10,No,1.3333333333333335,Low
4,Research & Development,2090,0,Yes,42.333333333333336,Medium
5,Research & Development,2909,8,No,31.666666666666664,Medium
7,Research & Development,3468,2,No,23.952380952380953,Low
8,Research & Development,3068,7,No,5.0,Low
10,Research & Development,2670,1,No,22.0,Low
11,Research & Development,2693,1,No,25.0,Low
12,Research & Development,9526,9,No,5.0,Low
13,Research & Development,5237,7,No,9.333333333333334,Low
14,Research & Development,2426,5,No,60.22962962962962,Medium
15,Research & Development,4193,9,No,2.3333333333333335,Low
16,Research & Development,2911,5,No,11.333333333333332,Low
18,Research & Development,2661,2,No,11.666666666666666,Low
19,Research & Development,2028,4,Yes,87.25,High
20,Research & Development,9980,10,No,10.0,Low
21,Research & Development,3298,6,No,85.95833333333334,High
22,Research & Development,2935,1,No,68.33333333333333,Medium
23,Sales,15427,25,No,4.333333333333334,Low
24,Research & Development,3944,3,No,4.333333333333334,Low
26,Research & Development,4011,4,No,27.244444444444436,Low
27,Sales,3407,5,Yes,79.96,High
28,Research & Development,11994,12,No,7.666666666666666,Low
30,Research & Development,1232,0,No,15.333333333333332,Low
31,Research & Development,2960,4,Yes,78.62666666666667,High
32,Research & Development,19094,14,No,17.333333333333336,Low
33,Research & Development,3919,10,Yes,79.0,High
35,Sales,6825,9,No,28.90969634230504,Low
36,Research & Development,10248,22,No,5.0,Low
38,Sales,18947,2,No,6.333333333333334,Low
39,Research & Development,2496,1,No,7.666666666666666,Low
40,Research & Development,6465,4,No,1.3333333333333335,Low
41,Research & Development,2206,10,No,5.666666666666666,Low
42,Sales,2086,1,Yes,69.0,Medium
45,Research & Development,2293,2,Yes,76.66666666666667,High
46,Research & Development,2645,5,No,5.666666666666666,Low
47,Sales,2683,3,Yes,72.0,High
49,Sales,2014,2,No,3.6666666666666665,Low
51,Research & Development,3419,1,No,28.000000000000004,Low
52,Sales,5376,5,No,5.333333333333334,Low
53,Research & Development,1951,1,No,11.0,Low
54,Research & Development,2341,1,No,46.33333333333333,Medium
55,Research & Development,2293,1,Yes,95.66666666666667,High
56,Sales,8726,9,No,7.666666666666666,Low
57,Research & Development,4011,12,No,4.666666666666667,Low
58,Research & Development,19545,22,Yes,12.666666666666668,Low
60,Sales,4568,9,No,12.11111111111111,Low
61,Research & Development,3022,1,No,29.166666666666668,Low
62,Sales,5772,9,No,1.0,Low
63,Research & Development,2269,1,No,13.0,Low
64,Research & Development,5381,1,Yes,87.66666666666667,High
65,Research & Development,3441,2,Yes,91.33333333333333,High
68,Sales,5454,4,No,14.666666666666666,Low
70,Research & Development,9884,4,No,41.93333333333334,Medium
72,Sales,4157,2,No,12.666666666666668,Low
73,Research & Development,13458,15,No,9.333333333333334,Low
74,Sales,9069,9,No,19.384615384615383,Low
75,Research & Development,4014,2,No,21.666666666666668,Low
76,Research & Development,5915,7,No,1.0,Low
77,Research & Development,5993,7,No,4.666666666666667,Low
78,Research & Development,6162,9,No,3.3333333333333335,Low
79,Research & Development,2406,10,No,3.3333333333333335,Low
80,Research & Development,18740,27,No,5.666666666666666,Low
81,Sales,7637,21,No,15.0,Low
83,Research & Development,10096,17,No,3.3333333333333335,Low
84,Research & Development,14756,5,No,1.3333333333333335,Low
85,Research & Development,6499,6,No,32.428743961352666,Medium
86,Research & Development,9724,1,No,15.666666666666668,Low
88,Research & Development,2194,3,No,27.0,Low
90,Research & Development,3388,1,Yes,67.33333333333333,Medium
91,Sales,5473,4,No,16.333333333333332,Low
94,Research & Development,2703,5,No,7.666666666666666,Low
95,Research & Development,2501,1,No,10.666666666666668,Low
96,Research & Development,6220,10,No,8.333333333333332,Low
97,Research & Development,3038,1,No,7.333333333333333,Low
98,Research & Development,4424,11,No,0.6666666666666667,Low
100,Sales,4312,15,No,2.3333333333333335,Low
101,Research & Development,13245,0,No,6.333333333333334,Low
102,Research & Development,13664,5,No,28.333333333333332,Low
103,Human Resources,5021,4,No,13.083333333333332,Low
104,Research & Development,5126,10,No,3.6666666666666665,Low
105,Research & Development,2859,6,No,12.666666666666668,Low
106,Sales,10239,1,No,5.333333333333334,Low
107,Research & Development,5329,13,No,0.6666666666666667,Low
110,Research & Development,4325,5,No,5.666666666666666,Low
112,Research & Development,7260,6,No,2.3333333333333335,Low
113,Sales,2322,0,No,31.083333333333336,Medium
116,Research & Development,2075,4,No,6.0,Low
117,Research & Development,4152,11,No,1.6666666666666667,Low
118,Sales,9619,9,Yes,71.0,High
119,Research & Development,13503,22,No,9.333333333333334,Low
120,Sales,5441,10,No,3.0,Low
121,Sales,5209,11,No,14.000000000000002,Low
124,Research & Development,10673,10,No,10.333333333333334,Low
125,Sales,5010,11,No,2.0,Low
126,Research & Development,13549,4,No,15.0,Low
128,Sales,4999,3,No,15.242857142857142,Low
129,Sales,4221,5,No,8.333333333333332,Low
131,Sales,13872,37,No,13.0,Low
132,Research & Development,2042,3,No,16.0,Low
133,Human Resources,2073,3,Yes,94.66666666666667,High
134,Research & Development,2956,1,No,15.666666666666668,Low
137,Research & Development,2926,1,Yes,79.0,High
138,Research & Development,4809,16,No,8.333333333333332,Low
139,Research & Development,5163,1,No,7.333333333333333,Low
140,Human Resources,18844,3,No,0.6666666666666667,Low
141,Research & Development,18172,8,No,9.666666666666666,Low
142,Sales,5744,6,Yes,90.66666666666666,High
143,Research & Development,2889,2,No,9.0,Low
144,Research & Development,2871,0,No,39.0,Medium
145,Research & Development,7484,13,No,17.0,Low
147,Research & Development,6074,9,Yes,79.33333333333333,High
148,Human Resources,17328,5,No,0.0,Low
150,Research & Development,2774,5,No,20.583333333333336,Low
151,Research & Development,4505,1,No,12.666666666666668,Low
152,Sales,7428,5,No,2.3333333333333335,Low
153,Research & Development,11631,11,No,4.777777777777778,Low
154,Sales,9738,9,No,36.666666666666664,Medium
155,Research & Development,2835,1,No,12.666666666666668,Low
158,Sales,16959,25,No,2.3333333333333335,Low
159,Research & Development,2613,10,No,24.833333333333332,Low
160,Sales,6146,7,No,11.666666666666666,Low
161,Research & Development,4963,5,Yes,61.70652173913044,Medium
162,Research & Development,19537,20,No,14.666666666666666,Low
163,Sales,6172,7,Yes,97.3125,High
164,Research & Development,2368,5,No,24.854166666666664,Low
165,Research & Development,10312,40,Yes,16.333333333333332,Low
167,Sales,1675,0,Yes,98.66666666666667,High
169,Research & Development,2523,2,No,6.666666666666667,Low
170,Research & Development,6567,15,No,19.333333333333332,Low
171,Research & Development,4739,3,No,15.333333333333332,Low
174,Sales,9208,2,No,4.333333333333334,Low
175,Sales,4559,2,Yes,50.66666666666667,Medium
176,Sales,8189,9,No,10.666666666666668,Low
177,Human Resources,2942,8,No,12.0,Low
178,Research & Development,4941,3,No,47.291666666666664,Medium
179,Research & Development,10650,4,Yes,9.333333333333334,Low
182,Sales,5902,15,No,2.666666666666667,Low
183,Sales,8639,2,No,11.296296296296294,Low
184,Human Resources,6347,11,No,2.0,Low
190,Research & Development,4200,5,Yes,95.33333333333334,High
192,Research & Development,3452,6,No,7.000000000000001,Low
193,Research & Development,4317,3,No,3.0,Low
194,Research & Development,2632,5,No,18.73611111111111,Low
195,Sales,4668,8,No,2.666666666666667,Low
197,Research & Development,3204,3,No,5.333333333333334,Low
198,Research & Development,2720,5,No,8.333333333333332,Low
199,Research & Development,17181,7,No,35.333333333333336,Medium
200,Research & Development,2238,5,No,29.916666666666668,Low
201,Research & Development,1483,1,No,32.666666666666664,Medium
202,Research & Development,5605,20,No,5.666666666666666,Low
204,Sales,7295,10,No,20.666666666666668,Low
205,Sales,2306,7,No,18.0,Low
206,Research & Development,2348,17,No,10.333333333333334,Low
207,Sales,8998,9,No,18.666666666666668,Low
208,Research & Development,4319,10,No,3.6666666666666665,Low
211,Research & Development,6132,1,No,30.0,Medium
214,Research & Development,3346,1,No,34.229166666666664,Medium
215,Sales,10855,12,No,10.333333333333334,Low
216,Sales,2231,4,No,4.761904761904763,Low
217,Research & Development,2323,2,No,25.0,Low
218,Research & Development,2024,2,No,26.333333333333332,Low
221,Research & Development,2713,5,No,11.666666666666666,Low
223,Research & Development,9439,5,No,5.333333333333334,Low
224,Research & Development,2566,1,No,23.666666666666668,Low
226,Research & Development,19926,5,No,7.000000000000001,Low
227,Research & Development,2451,9,No,15.666666666666668,Low
228,Sales,9419,10,No,3.0,Low
230,Sales,8686,8,No,3.6666666666666665,Low
231,Research & Development,3038,5,No,21.0,Low
233,Research & Development,3058,5,No,33.29824561403509,Medium
235,Sales,2325,0,Yes,94.66666666666667,High
238,Research & Development,2088,8,No,14.666666666666666,Low
239,Research & Development,3072,12,No,17.333333333333336,Low
240,Sales,5006,5,No,4.666666666666667,Low
241,Research & Development,4257,2,No,12.0,Low
242,Research & Development,2500,3,No,8.0,Low
243,Research & Development,1102,1,Yes,95.33333333333334,High
244,Sales,10453,24,No,16.666666666666664,Low
245,Research & Development,2288,2,No,27.666666666666668,Low
246,Research & Development,3929,4,No,31.333333333333336,Medium
247,Research & Development,2311,3,No,8.666666666666668,Low
248,Sales,3140,4,Yes,77.66666666666666,High
249,Research & Development,3690,3,No,12.666666666666668,Low
250,Research & Development,4450,4,No,8.333333333333332,Low
252,Research & Development,2756,8,No,8.666666666666668,Low
253,Research & Development,19033,20,No,2.666666666666667,Low
254,Research & Development,18722,24,No,5.666666666666666,Low
256,Research & Development,9547,10,No,7.333333333333333,Low
258,Research & Development,13734,7,No,5.0,Low
259,Research & Development,19999,33,No,50.33333333333333,Medium
260,Research & Development,2279,7,No,44.0,Medium
261,Research & Development,5916,1,Yes,95.0,High
262,Research & Development,2089,5,No,5.0,Low
264,Research & Development,16792,20,No,11.333333333333332,Low
267,Research & Development,3564,8,No,20.333333333333332,Low
269,Research & Development,4425,6,No,19.0,Low
270,Research & Development,5265,5,No,6.333333333333334,Low
271,Research & Development,6553,1,No,0.6666666666666667,Low
273,Research & Development,6261,7,No,2.666666666666667,Low
274,Research & Development,4298,2,No,3.0,Low
275,Research & Development,6804,7,No,3.0,Low
277,Research & Development,3815,5,No,14.666666666666666,Low
281,Research & Development,2741,7,No,4.0,Low
282,Research & Development,6673,1,Yes,87.66666666666667,High
283,Sales,7639,10,Yes,85.0,High
284,Research & Development,2328,4,No,31.333333333333336,Medium
286,Research & Development,2153,8,No,4.0,Low
287,Research & Development,4876,3,No,6.666666666666667,Low
288,Research & Development,9396,4,No,5.0,Low
291,Sales,10400,14,Yes,66.33333333333333,Medium
292,Research & Development,8474,11,No,4.333333333333334,Low
293,Sales,9981,7,No,10.333333333333334,Low
296,Research & Development,12490,10,No,30.980392156862745,Medium
297,Research & Development,2657,5,Yes,69.0,Medium
298,Sales,13591,1,No,1.0,Low
299,Sales,6696,6,Yes,74.20779220779221,High
300,Research & Development,2058,6,Yes,46.33333333333333,Medium
302,Sales,8865,19,No,1.3333333333333335,Low
303,Sales,5940,6,No,2.0,Low
304,Research & Development,5914,13,No,3.0,Low
305,Research & Development,2622,3,No,23.333333333333332,Low
306,Research & Development,12185,10,No,23.333333333333332,Low
307,Sales,10609,16,No,83.33333333333334,High
308,Research & Development,4345,5,No,4.666666666666667,Low
309,Research & Development,2177,1,No,20.0,Low
311,Sales,2793,9,No,4.0,Low
312,Sales,7918,11,No,5.666666666666666,Low
314,Sales,8789,10,No,5.333333333333334,Low
315,Research & Development,2389,4,Yes,78.66666666666666,High
316,Research & Development,3212,2,No,11.666666666666666,Low
319,Research & Development,19232,22,No,7.333333333333333,Low
321,Human Resources,2267,2,No,33.22222222222223,Medium
323,Sales,19517,7,No,2.666666666666667,Low
325,Research & Development,2436,5,Yes,75.66666666666667,High
327,Sales,16064,17,No,2.666666666666667,Low
328,Research & Development,2707,9,Yes,84.66666666666667,High
329,Sales,19068,33,No,25.333333333333336,Low
330,Sales,3931,4,No,28.333188405797106,Low
331,Research & Development,3730,3,Yes,24.0,Low
332,Research & Development,2232,3,No,7.095238095238095,Low
333,Sales,4465,3,No,4.333333333333334,Low
334,Research & Development,3072,1,No,42.66666666666667,Medium
335,Research & Development,3319,9,No,11.0,Low
336,Research & Development,19202,24,No,6.333333333333334,Low
337,Research & Development,13675,2,No,21.333333333333336,Low
338,Research & Development,2911,2,No,17.666666666666668,Low
339,Research & Development,5957,11,No,2.3333333333333335,Low
340,Research & Development,3920,3,No,7.000000000000001,Low
341,Research & Development,6434,3,No,11.75,Low
342,Research & Development,10048,1,Yes,92.66666666666666,High
343,Research & Development,10938,19,No,1.3333333333333335,Low
346,Research & Development,2340,6,No,5.666666666666666,Low
347,Research & Development,6545,3,No,3.0,Low
349,Sales,6931,3,No,1.0,Low
350,Research & Development,4898,4,No,5.333333333333334,Low
351,Research & Development,2593,9,No,11.333333333333332,Low
352,Research & Development,19436,21,No,34.66666666666667,Medium
353,Research & Development,2723,1,No,7.666666666666666,Low
355,Research & Development,3479,5,Yes,77.66666666666666,High
359,Research & Development,2794,5,No,24.34583333333333,Low
361,Sales,5249,8,No,3.0,Low
362,Research & Development,2176,6,No,6.333333333333334,Low
363,Sales,16872,7,No,8.0,Low
364,Research & Development,3485,0,Yes,100.0,High
366,Sales,6644,0,No,31.06944444444445,Medium
367,Research & Development,5582,9,No,3.6666666666666665,Low
369,Research & Development,4000,6,No,18.666521739130435,Low
372,Research & Development,13496,20,No,0.33333333333333337,Low
373,Research & Development,3210,15,No,3.6666666666666665,Low
374,Research & Development,19045,36,No,25.0,Low
376,Research & Development,11849,10,Yes,82.66666666666667,High
377,Research & Development,2070,5,No,7.000000000000001,Low
378,Sales,6502,5,No,0.0,Low
379,Research & Development,3230,3,No,17.666666666666668,Low
380,Research & Development,13603,5,No,3.0,Low
381,Research & Development,11996,7,No,27.333333333333332,Low
382,Sales,5605,8,No,13.047619047619047,Low
384,Research & Development,6397,6,No,14.333333333333334,Low
385,Research & Development,19144,10,No,5.666666666666666,Low
386,Research & Development,17584,5,No,12.0,Low
387,Sales,4907,20,No,4.0,Low
388,Sales,4554,10,No,1.0,Low
389,Research & Development,5415,10,No,4.0,Low
390,Research & Development,4741,5,No,17.333333333333336,Low
391,Research & Development,2115,17,No,8.666666666666668,Low
392,Research & Development,3161,1,Yes,77.66666666666666,High
393,Research & Development,5745,2,No,0.6666666666666667,Low
394,Research & Development,2373,3,Yes,98.0,High
395,Research & Development,3310,5,No,1.3333333333333335,Low
396,Research & Development,18665,3,No,6.0,Low
397,Research & Development,4485,8,No,6.389855072463768,Low
399,Sales,2789,2,No,45.666666666666664,Medium
401,Sales,5828,8,Yes,6.333333333333334,Low
403,Research & Development,2326,4,No,26.0,Low
404,Sales,13525,20,No,2.0,Low
405,Research & Development,1420,0,Yes,88.33333333333333,High
406,Sales,8020,11,No,22.633333333333336,Low
407,Research & Development,3688,1,No,7.333333333333333,Low
408,Research & Development,5482,4,No,0.33333333333333337,Low
410,Sales,16015,22,No,0.33333333333333337,Low
411,Sales,1200,0,No,71.0,High
412,Research & Development,5661,8,No,14.765251897860592,Low
416,Sales,6929,8,No,4.333333333333334,Low
417,Research & Development,9613,18,No,8.0,Low
419,Research & Development,5674,9,No,21.66984126984127,Low
420,Sales,5484,13,No,14.666666666666666,Low
421,Research & Development,12061,10,No,7.666666666666666,Low
422,Research & Development,5660,5,No,1.6666666666666667,Low
423,Research & Development,4821,5,No,6.666666666666667,Low
424,Human Resources,6410,2,No,25.77777777777778,Low
425,Research & Development,5210,24,No,7.666666666666666,Low
426,Research & Development,2695,2,No,19.666666666666664,Low
428,Research & Development,11878,10,No,2.3333333333333335,Low
429,Research & Development,17068,21,No,0.6666666666666667,Low
430,Research & Development,2455,8,No,4.666666666666667,Low
431,Research & Development,13964,7,No,2.3333333333333335,Low
433,Research & Development,4941,8,Yes,98.0,High
434,Research & Development,2478,4,No,68.4375,Medium
436,Sales,5228,13,No,1.0,Low
437,Sales,4478,5,No,2.666666666666667,Low
438,Sales,7547,7,No,2.3333333333333335,Low
439,Research & Development,5055,7,No,6.666666666666667,Low
440,Research & Development,3464,3,Yes,85.66666666666667,High
441,Research & Development,5775,10,No,8.666666666666668,Low
442,Research & Development,8943,10,No,3.0,Low
444,Research & Development,19272,21,No,3.0,Low
445,Sales,5238,1,Yes,80.66666666666666,High
446,Sales,4682,7,No,8.666666666666668,Low
447,Research & Development,18300,3,No,0.6666666666666667,Low
448,Research & Development,5257,9,No,30.666666666666664,Medium
449,Sales,6349,5,No,10.666666666666668,Low
450,Research & Development,4869,4,No,12.333333333333334,Low
451,Research & Development,9985,1,No,25.71794871794872,Low
452,Research & Development,3697,10,No,1.0,Low
453,Sales,7457,4,No,11.666666666666666,Low
454,Research & Development,2119,7,Yes,96.33333333333334,High
455,Research & Development,3983,3,No,4.666666666666667,Low
456,Sales,6118,10,No,3.6666666666666665,Low
458,Sales,6214,8,No,14.934696342305037,Low
460,Research & Development,6347,6,No,6.333333333333334,Low
461,Research & Development,11510,11,No,4.666666666666667,Low
462,Research & Development,7143,11,No,3.6666666666666665,Low
463,Sales,8268,7,No,9.333333333333334,Low
464,Research & Development,8095,16,No,4.666666666666667,Low
465,Research & Development,2904,4,No,29.666666666666668,Low
466,Research & Development,6032,5,No,5.666666666666666,Low
467,Sales,2976,0,No,30.333333333333336,Medium
468,Research & Development,15992,1,No,4.666666666666667,Low
469,Sales,4649,4,No,10.333333333333334,Low
470,Human Resources,2696,3,No,11.095238095238095,Low
471,Research & Development,2370,8,No,11.666666666666666,Low
473,Sales,12504,0,No,23.333333333333332,Low
474,Research & Development,5974,7,No,5.0,Low
475,Sales,4736,2,No,12.0,Low
476,Sales,5296,8,No,10.0,Low
477,Research & Development,6781,1,No,3.6666666666666665,Low
478,Sales,2174,3,Yes,74.0,High
479,Sales,6653,1,No,1.3333333333333335,Low
481,Sales,9699,13,No,7.000000000000001,Low
482,Research & Development,6755,3,No,0.0,Low
483,Research & Development,2213,7,No,18.0,Low
484,Sales,2610,3,No,7.000000000000001,Low
485,Sales,2851,1,Yes,90.33333333333333,High
486,Research & Development,3452,5,No,27.0,Low
487,Research & Development,5258,1,No,5.333333333333334,Low
488,Sales,9355,8,Yes,91.625,High
491,Research & Development,10496,4,No,4.666666666666667,Low
492,Sales,6380,6,Yes,81.66666666666667,High
493,Research & Development,2657,2,No,19.270833333333336,Low
494,Sales,2716,1,Yes,86.0,High
495,Research & Development,2201,3,No,1.6666666666666667,Low
496,Research & Development,6540,1,No,16.333333333333332,Low
497,Research & Development,3816,5,No,1.6666666666666667,Low
498,Sales,5253,7,No,6.0,Low
499,Research & Development,10965,5,No,15.666666666666668,Low
500,Sales,4936,7,No,4.666666666666667,Low
501,Research & Development,2543,2,No,2.3333333333333335,Low
502,Sales,5304,5,Yes,87.33333333333333,High
505,Research & Development,16659,5,No,0.33333333333333337,Low
507,Sales,4260,5,No,4.666666666666667,Low
508,Sales,2476,1,No,14.75,Low
510,Research & Development,3102,6,Yes,53.0,Medium
511,Research & Development,2244,2,No,26.333333333333332,Low
513,Sales,7596,10,No,6.0,Low
514,Research & Development,2285,1,Yes,90.0,High
515,Research & Development,3034,18,No,10.333333333333334,Low
516,Sales,5715,5,No,4.0,Low
517,Research & Development,2576,5,No,16.666666666666664,Low
518,Research & Development,4197,1,No,21.800000000000004,Low
520,Research & Development,14336,25,No,13.666666666666666,Low
521,Research & Development,3448,1,No,9.666666666666666,Low
522,Research & Development,19406,4,No,8.0,Low
523,Sales,6538,3,No,9.333333333333334,Low
524,Research & Development,4306,13,No,13.222222222222225,Low
525,Research & Development,2258,3,No,2.3333333333333335,Low
526,Research & Development,4522,5,No,10.666666666666668,Low
527,Sales,4487,5,No,7.666666666666666,Low
529,Research & Development,4449,13,No,13.666666666666666,Low
530,Research & Development,2218,4,No,4.333333333333334,Low
531,Research & Development,19197,21,No,22.666666666666664,Low
532,Sales,13212,7,No,19.666666666666664,Low
533,Sales,6577,5,No,21.53888888888889,Low
534,Sales,8392,10,No,41.66666666666667,Medium
536,Research & Development,4558,10,No,6.333333333333334,Low
538,Research & Development,4031,2,Yes,94.33333333333334,High
543,Research & Development,7969,5,No,2.3333333333333335,Low
544,Research & Development,2654,2,No,20.0,Low
546,Research & Development,16555,5,No,1.3333333333333335,Low
547,Research & Development,4556,5,No,17.666666666666668,Low
548,Research & Development,6091,5,No,2.0,Low
549,Research & Development,19566,29,No,9.666666666666666,Low
550,Research & Development,4810,10,No,8.666666666666668,Low
551,Research & Development,4523,6,No,1.3333333333333335,Low
554,Sales,3202,5,Yes,86.0,High
555,Sales,2351,2,Yes,79.0,High
556,Research & Development,1702,1,No,22.333333333333332,Low
558,Sales,18041,20,No,3.3333333333333335,Low
560,Research & Development,2886,3,No,16.666666666666664,Low
562,Research & Development,2097,5,No,14.333333333333334,Low
564,Research & Development,11935,10,No,7.000000000000001,Low
565,Research & Development,2546,2,Yes,86.0,High
566,Human Resources,2564,1,Yes,89.0,High
567,Sales,8412,9,No,24.38095238095238,Low
568,Sales,14118,1,No,10.0,Low
569,Research & Development,17046,27,No,4.0,Low
571,Research & Development,2564,11,No,7.666666666666666,Low
573,Sales,10266,18,No,5.333333333333334,Low
574,Research & Development,5070,5,No,4.666666666666667,Low
575,Research & Development,17861,3,No,3.6666666666666665,Low
577,Research & Development,4230,5,No,10.0,Low
578,Research & Development,3780,1,No,3.0,Low
579,Research & Development,2768,7,No,1.6666666666666667,Low
580,Sales,9071,3,No,3.3333333333333335,Low
581,Research & Development,10648,13,No,6.666666666666667,Low
582,Research & Development,13610,7,Yes,73.66666666666667,High
584,Research & Development,3408,4,Yes,67.66666666666666,Medium
585,Sales,2983,3,No,3.3333333333333335,Low
586,Research & Development,7632,8,No,6.666666666666667,Low
587,Research & Development,9824,1,Yes,97.66666666666667,High
590,Human Resources,9950,3,Yes,90.0,High
591,Research & Development,2093,2,No,15.333333333333332,Low
592,Sales,9980,10,No,17.333333333333336,Low
593,Research & Development,3894,2,Yes,77.41666666666667,High
595,Sales,4051,9,No,1.3333333333333335,Low
597,Sales,16835,10,No,3.3333333333333335,Low
599,Sales,6230,14,No,0.6666666666666667,Low
600,Sales,4717,11,No,4.666666666666667,Low
601,Research & Development,13237,20,No,9.0,Low
602,Research & Development,3755,8,No,38.0,Medium
604,Sales,6582,6,No,2.3333333333333335,Low
605,Research & Development,7406,10,No,21.0,Low
606,Sales,4805,8,No,5.0,Low
608,Human Resources,2741,7,Yes,90.95833333333333,High
611,Research & Development,4262,3,No,0.0,Low
612,Research & Development,16184,6,No,19.666666666666664,Low
613,Sales,11557,5,No,6.666666666666667,Low
614,Sales,1878,0,Yes,100.0,High
615,Sales,10932,1,No,21.333333333333336,Low
616,Research & Development,6811,8,No,36.666666666666664,Medium
618,Sales,4306,0,No,17.666666666666668,Low
620,Sales,4859,5,No,3.0,Low
621,Sales,5337,10,No,1.0,Low
622,Research & Development,2340,1,Yes,96.0,High
623,Research & Development,7491,6,No,7.333333333333333,Low
624,Research & Development,10527,2,No,59.66666666666667,Medium
625,Sales,16595,18,No,4.333333333333334,Low
626,Sales,8834,9,No,21.797619047619047,Low
630,Research & Development,5577,10,No,1.3333333333333335,Low
631,Sales,4707,4,Yes,83.0,High
632,Sales,2400,2,No,9.0,Low
634,Research & Development,9824,1,No,30.666666666666664,Medium
635,Research & Development,6447,6,No,16.0,Low
638,Research & Development,19502,31,No,8.333333333333332,Low
639,Research & Development,2725,6,No,26.666666666666668,Low
641,Sales,6272,5,No,28.000000000000004,Low
643,Research & Development,2127,1,No,65.66666666666666,Medium
644,Human Resources,18200,32,No,34.333333333333336,Medium
645,Sales,2096,7,No,12.666666666666668,Low
647,Research & Development,2886,6,Yes,99.0,High
648,Sales,2033,1,Yes,96.66666666666667,High
649,Research & Development,3622,6,No,12.0,Low
650,Sales,4233,3,Yes,98.94666666666669,High
652,Research & Development,3681,3,No,20.666666666666668,Low
653,Sales,5460,7,No,2.3333333333333335,Low
655,Research & Development,2187,5,No,26.361904761904764,Low
656,Sales,9602,3,No,9.0,Low
657,Research & Development,2836,1,No,6.666666666666667,Low
659,Research & Development,4089,10,No,1.0,Low
661,Research & Development,16627,1,No,8.666666666666668,Low
662,Research & Development,2619,0,No,19.333333333333332,Low
663,Research & Development,5679,8,No,2.0,Low
664,Research & Development,15402,3,No,6.666666666666667,Low
665,Human Resources,5985,2,No,9.0,Low
666,Sales,2579,8,No,23.666666666666668,Low
667,Sales,3041,4,Yes,75.33333333333333,High
669,Sales,3447,3,No,43.666666666666664,Medium
671,Research & Development,19513,2,No,2.3333333333333335,Low
675,Research & Development,2773,2,No,29.888888888888893,Low
677,Sales,7104,5,No,10.4,Low
679,Research & Development,6322,6,No,10.333333333333334,Low
680,Research & Development,2083,1,No,13.666666666666666,Low
682,Sales,8381,14,No,3.3333333333333335,Low
683,Research & Development,2691,10,No,11.666666666666666,Low
684,Sales,4286,1,Yes,79.91666666666667,High
686,Research & Development,2659,3,No,17.333333333333336,Low
689,Research & Development,9434,10,No,2.666666666666667,Low
690,Sales,5561,6,No,16.27777777777778,Low
691,Research & Development,6646,17,No,4.0,Low
692,Research & Development,7725,13,No,6.666666666666667,Low
698,Human Resources,10725,9,No,12.333333333333334,Low
699,Research & Development,8847,3,No,19.0,Low
700,Research & Development,2045,4,No,11.333333333333332,Low
701,Research & Development,1009,1,Yes,89.33333333333333,High
702,Research & Development,3348,10,Yes,59.0,Medium
704,Research & Development,1281,1,No,26.0,Low
705,Research & Development,2819,3,No,29.666666666666668,Low
707,Sales,4851,3,No,6.333333333333334,Low
709,Sales,4028,7,No,1.0,Low
710,Research & Development,2720,10,No,1.6666666666666667,Low
712,Sales,8120,2,No,18.569444444444443,Low
714,Sales,4647,6,No,2.0,Low
715,Research & Development,4680,1,No,8.333333333333332,Low
716,Research & Development,3221,20,No,8.666666666666668,Low
717,Research & Development,8621,8,No,9.0,Low
720,Sales,4577,2,Yes,23.0,Low
721,Research & Development,4553,20,No,1.0,Low
722,Sales,5396,10,No,1.6666666666666667,Low
723,Sales,6796,4,Yes,82.0,High
724,Research & Development,7625,9,No,5.333333333333334,Low
725,Research & Development,7412,9,No,18.333333333333332,Low
727,Research & Development,11159,7,No,2.3333333333333335,Low
728,Sales,4960,7,No,6.333333333333334,Low
729,Sales,10475,18,No,5.666666666666666,Low
730,Research & Development,14814,5,No,0.6666666666666667,Low
731,Human Resources,19141,21,No,3.0,Low
732,Sales,5405,2,No,21.083333333333336,Low
733,Research & Development,8793,9,No,13.333333333333334,Low
734,Human Resources,19189,22,No,16.333333333333332,Low
738,Sales,3875,2,No,3.3333333333333335,Low
741,Research & Development,2216,7,Yes,89.0,High
742,Research & Development,11713,8,No,12.333333333333334,Low
743,Research & Development,7861,1,No,5.0,Low
744,Research & Development,3708,5,No,50.83333333333333,Medium
746,Sales,13770,22,No,8.0,Low
747,Sales,5304,8,No,12.666666666666668,Low
749,Sales,2642,1,No,18.666666666666668,Low
752,Research & Development,2759,2,Yes,48.583333333333336,Medium
754,Sales,6804,2,No,3.0,Low
757,Research & Development,6142,5,No,15.733333333333336,Low
758,Research & Development,2500,4,No,17.0,Low
760,Human Resources,6389,8,No,49.0,Medium
762,Research & Development,11103,10,No,5.333333333333334,Low
763,Research & Development,2342,4,No,14.666666666666666,Low
764,Research & Development,6811,7,No,22.0,Low
766,Sales,2297,2,No,14.333333333333334,Low
769,Research & Development,2450,2,No,7.666666666666666,Low
771,Research & Development,5093,1,No,6.333333333333334,Low
772,Research & Development,5309,10,No,6.666666666666667,Low
773,Research & Development,3057,1,No,45.0,Medium
775,Research & Development,5121,0,No,21.666666666666668,Low
776,Sales,16856,34,No,3.3333333333333335,Low
780,Research & Development,2686,10,Yes,11.666666666666666,Low
781,Sales,6180,6,No,4.333333333333334,Low
783,Sales,6632,8,No,11.0,Low
784,Research & Development,3505,2,No,24.305555555555557,Low
785,Sales,6397,5,Yes,95.58333333333333,High
786,Sales,6274,6,No,0.0,Low
787,Research & Development,19859,5,Yes,87.0,High
789,Sales,7587,10,No,4.666666666666667,Low
791,Research & Development,4258,4,No,2.0,Low
792,Research & Development,4364,2,No,6.0,Low
793,Research & Development,4335,8,No,33.33333333333333,Medium
796,Sales,5326,4,Yes,90.0,High
797,Research & Development,3280,4,No,6.0,Low
799,Research & Development,5485,5,No,4.0,Low
800,Sales,4342,4,No,1.0,Low
802,Research & Development,2782,5,No,49.333333333333336,Medium
803,Research & Development,5980,15,No,12.0,Low
804,Research & Development,4381,6,No,9.333333333333334,Low
805,Sales,2572,3,No,12.0,Low
806,Research & Development,3833,2,No,3.6666666666666665,Low
807,Research & Development,4244,8,No,6.0,Low
808,Sales,6500,3,No,13.266666666666666,Low
809,Research & Development,18430,24,No,1.6666666666666667,Low
811,Research & Development,1601,0,Yes,98.0,High
812,Research & Development,2694,1,No,29.083333333333332,Low
813,Research & Development,3149,5,No,4.0,Low
815,Research & Development,17639,4,No,1.0,Low
816,Research & Development,2319,1,Yes,97.33333333333334,High
817,Research & Development,11691,13,No,0.6666666666666667,Low
819,Sales,5324,3,Yes,83.88888888888889,High
820,Research & Development,16752,26,No,2.666666666666667,Low
823,Research & Development,5228,9,No,5.333333333333334,Low
824,Research & Development,2700,10,No,18.333333333333332,Low
825,Research & Development,19246,31,Yes,91.33333333333333,High
826,Research & Development,2506,2,No,3.6666666666666665,Low
827,Research & Development,6062,4,No,0.6666666666666667,Low
828,Research & Development,4382,2,Yes,76.66666666666667,High
829,Human Resources,2143,5,No,19.25,Low
830,Research & Development,6162,14,No,0.33333333333333337,Low
832,Research & Development,5094,1,No,20.0,Low
833,Research & Development,6877,0,No,14.666666666666666,Low
834,Research & Development,2274,1,No,79.33333333333333,High
836,Research & Development,4434,9,No,39.666666666666664,Medium
837,Research & Development,6288,4,No,36.24320124320124,Medium
838,Research & Development,2553,5,No,3.6666666666666665,Low
840,Sales,7654,9,Yes,87.66666666666667,High
842,Sales,5160,9,Yes,69.0,Medium
843,Research & Development,17159,4,No,4.666666666666667,Low
844,Research & Development,12808,9,No,7.666666666666666,Low
845,Research & Development,10221,8,No,4.333333333333334,Low
846,Sales,4779,8,No,10.666666666666668,Low
847,Human Resources,3737,3,No,13.666666666666666,Low
848,Research & Development,2366,8,Yes,77.33333333333333,High
850,Research & Development,1706,0,No,19.0,Low
851,Sales,16307,20,No,13.0,Low
852,Research & Development,5933,5,No,41.0,Medium
854,Research & Development,3424,4,No,26.333333333333332,Low
855,Sales,4037,9,No,11.666666666666666,Low
856,Research & Development,2559,6,No,19.333333333333332,Low
857,Sales,6201,18,No,12.666666666666668,Low
859,Sales,4403,5,No,15.666666666666668,Low
861,Research & Development,3761,5,No,9.666666666666666,Low
862,Sales,10934,5,No,5.333333333333334,Low
864,Sales,10761,5,No,11.444444444444445,Low
865,Research & Development,5175,5,No,23.022222222222222,Low
867,Research & Development,13826,9,No,2.666666666666667,Low
868,Sales,6334,1,No,6.0,Low
869,Human Resources,4936,5,No,0.33333333333333337,Low
872,Research & Development,4775,2,No,3.0,Low
874,Research & Development,2818,3,No,16.0,Low
875,Research & Development,2515,2,No,11.0,Low
878,Human Resources,2342,5,No,22.037499999999998,Low
879,Sales,4194,5,No,7.000000000000001,Low
880,Research & Development,10685,17,No,2.3333333333333335,Low
881,Research & Development,2022,10,Yes,84.33333333333334,High
882,Research & Development,2314,3,No,4.666666666666667,Low
885,Sales,4256,5,No,9.333333333333334,Low
887,Research & Development,3580,4,No,8.0,Low
888,Research & Development,3162,5,No,11.0,Low
889,Sales,6524,10,No,2.6111111111111107,Low
893,Sales,2899,2,No,37.54543650793651,Medium
894,Research & Development,5231,5,No,5.666666666666666,Low
895,Research & Development,2356,6,No,12.666666666666668,Low
896,Sales,2800,3,Yes,65.0952380952381,Medium
897,Sales,11836,2,No,5.333333333333334,Low
899,Research & Development,10903,13,No,9.666666666666666,Low
900,Sales,2973,5,No,2.0,Low
901,Research & Development,14275,12,No,1.0,Low
902,Research & Development,5562,5,No,3.0,Low
903,Sales,4537,7,No,1.6666666666666667,Low
904,Sales,7642,10,No,17.0,Low
905,Research & Development,17924,31,No,8.0,Low
909,Human Resources,5204,5,No,1.3333333333333335,Low
910,Human Resources,2277,4,No,46.33333333333333,Medium
911,Research & Development,2795,1,Yes,85.66666666666667,High
912,Research & Development,2532,4,No,14.000000000000002,Low
913,Research & Development,2559,8,No,24.0,Low
916,Sales,4908,4,No,2.666666666666667,Low
918,Research & Development,2380,1,Yes,79.66666666666666,High
920,Research & Development,4765,1,No,12.0,Low
922,Sales,2044,2,Yes,81.0,High
923,Research & Development,2693,1,Yes,44.333333333333336,Medium
924,Research & Development,6586,16,No,4.0,Low
925,Sales,3294,3,No,34.0,Medium
926,Research & Development,4171,3,Yes,79.66666666666666,High
927,Research & Development,2778,7,Yes,77.0,High
930,Research & Development,2377,2,No,36.333333333333336,Medium
932,Research & Development,2404,2,Yes,99.0,High
933,Research & Development,2318,1,No,85.33333333333334,High
934,Research & Development,2008,1,No,94.0,High
936,Sales,6244,5,No,5.5,Low
939,Research & Development,2799,3,No,13.333333333333334,Low
940,Research & Development,10552,6,No,7.666666666666666,Low
941,Sales,2329,7,No,10.333333333333334,Low
942,Research & Development,4014,10,No,5.0,Low
944,Research & Development,7403,26,No,17.333333333333336,Low
945,Research & Development,2259,0,No,15.666666666666668,Low
947,Sales,6932,9,No,5.333333333333334,Low
949,Research & Development,4678,6,No,3.3333333333333335,Low
950,Research & Development,13582,15,No,4.333333333333334,Low
951,Research & Development,2332,3,No,13.0,Low
952,Sales,2413,1,Yes,100.0,High
954,Sales,9705,1,No,93.8,High
956,Sales,4294,7,No,4.0,Low
957,Research & Development,4721,18,No,12.666666666666668,Low
958,Research & Development,2519,11,No,2.3333333333333335,Low
959,Sales,2121,1,Yes,73.33333333333333,High
960,Research & Development,2973,1,Yes,100.0,High
961,Research & Development,5855,9,No,5.666666666666666,Low
964,Research & Development,3617,1,No,20.666666666666668,Low
966,Research & Development,6725,8,No,9.0,Low
967,Sales,10325,16,Yes,62.33333333333333,Medium
969,Research & Development,6949,5,No,1.0,Low
970,Sales,10609,14,Yes,98.33333333333333,High
972,Research & Development,4447,9,No,27.111111111111114,Low
974,Sales,2157,3,No,21.0,Low
975,Sales,4601,5,No,10.333333333333334,Low
976,Research & Development,17099,9,No,1.3333333333333335,Low
977,Research & Development,2479,1,Yes,14.333333333333334,Low
981,Sales,14852,17,No,0.0,Low
982,Sales,7264,8,No,10.0,Low
983,Sales,5666,5,No,1.3333333333333335,Low
984,Sales,7823,10,No,3.6666666666666665,Low
985,Sales,7880,8,No,10.666666666666668,Low
986,Sales,13194,1,Yes,92.66666666666666,High
987,Research & Development,5067,19,No,3.3333333333333335,Low
990,Sales,5079,7,No,2.3333333333333335,Low
991,Research & Development,2321,3,Yes,84.10416666666667,High
992,Sales,17444,10,No,2.0,Low
994,Research & Development,2404,0,Yes,84.0,High
995,Research & Development,3452,3,No,7.333333333333333,Low
996,Research & Development,2270,5,No,1.6666666666666667,Low
997,Research & Development,17399,5,No,0.0,Low
998,Research & Development,5488,6,No,21.333333333333336,Low
999,Research & Development,19419,18,No,6.666666666666667,Low
1001,Research & Development,2811,2,No,23.583333333333336,Low
1002,Research & Development,3633,9,No,6.0,Low
1003,Sales,4163,9,No,2.3333333333333335,Low
1004,Research & Development,2132,5,Yes,85.6,High
1005,Research & Development,13973,12,No,0.6666666666666667,Low
1006,Research & Development,2684,2,No,27.933333333333334,Low
1007,Research & Development,10845,8,No,2.666666666666667,Low
1009,Research & Development,4377,4,No,19.333333333333332,Low
1010,Research & Development,3743,4,Yes,95.0,High
1011,Research & Development,4148,4,No,4.0,Low
1012,Research & Development,1051,0,No,20.0,Low
1013,Research & Development,10739,10,No,2.0,Low
1014,Research & Development,10388,16,No,33.0,Medium
1015,Research & Development,11416,8,No,25.333333333333336,Low
1016,Research & Development,2600,1,Yes,89.66666666666666,High
1017,Research & Development,2422,3,Yes,70.10416666666667,High
1018,Research & Development,5472,8,No,0.6666666666666667,Low
1019,Research & Development,2451,4,No,33.887499999999996,Medium
1022,Research & Development,4240,2,No,14.499999999999998,Low
1024,Research & Development,10999,15,No,1.3333333333333335,Low
1025,Research & Development,5003,2,No,6.333333333333334,Low
1026,Research & Development,12742,21,No,4.333333333333334,Low
1027,Research & Development,4227,3,No,3.3333333333333335,Low
1028,Research & Development,3917,3,No,9.333333333333334,Low
1029,Sales,18303,1,No,1.6666666666666667,Low
1030,Research & Development,2380,1,No,24.666666666666668,Low
1032,Research & Development,13726,5,No,0.33333333333333337,Low
1033,Research & Development,4777,1,Yes,81.66666666666667,High
1034,Research & Development,6385,8,No,6.0,Low
1035,Research & Development,19973,21,No,11.333333333333332,Low
1036,Sales,6861,1,No,6.333333333333334,Low
1037,Sales,4969,2,Yes,79.33333333333333,High
1038,Sales,19845,32,Yes,73.33333333333333,High
1039,Sales,13320,12,No,3.6666666666666665,Low
1040,Sales,6347,18,No,0.33333333333333337,Low
1042,Research & Development,2743,17,Yes,82.66666666666667,High
1043,Research & Development,10880,21,No,4.666666666666667,Low
1044,Sales,2342,2,No,21.666666666666668,Low
1045,Sales,17650,9,No,11.333333333333332,Low
1046,Research & Development,4025,8,No,6.333333333333334,Low
1047,Sales,9725,15,No,6.666666666666667,Low
1048,Sales,11904,6,No,11.333333333333332,Low
1049,Human Resources,2177,6,No,18.75,Low
1050,Sales,7525,15,No,7.000000000000001,Low
1052,Research & Development,4834,1,Yes,95.53968253968253,High
1053,Research & Development,2042,3,Yes,76.0,High
1055,Sales,2220,1,No,28.333333333333332,Low
1056,Sales,1052,1,No,74.0,High
1060,Research & Development,2821,2,No,23.333333333333332,Low
1061,Research & Development,19237,8,No,16.333333333333332,Low
1062,Research & Development,4107,4,No,50.66666666666667,Medium
1066,Sales,8396,7,No,16.541125541125542,Low
1068,Research & Development,2007,5,No,12.0,Low
1069,Research & Development,19627,2,No,6.0,Low
1070,Sales,10686,9,No,8.333333333333332,Low
1071,Research & Development,2942,5,No,52.541666666666664,Medium
1073,Research & Development,8858,14,No,19.0,Low
1074,Research & Development,16756,9,No,5.0,Low
1076,Sales,10798,1,No,0.6666666666666667,Low
1077,Sales,2323,2,Yes,80.66666666666666,High
1079,Research & Development,1416,1,Yes,99.33333333333333,High
1080,Research & Development,4615,16,No,2.666666666666667,Low
1081,Research & Development,2461,10,Yes,35.66666666666667,Medium
1082,Research & Development,8722,10,Yes,38.57142857142857,Medium
1083,Research & Development,3955,5,No,15.666666666666668,Low
1084,Research & Development,9957,6,No,18.571428571428573,Low
1085,Research & Development,3376,10,No,20.666666666666668,Low
1088,Research & Development,8823,19,No,10.0,Low
1092,Research & Development,10322,11,No,9.666666666666666,Low
1094,Research & Development,4621,3,No,15.416666666666668,Low
1096,Research & Development,10976,3,No,3.0,Low
1097,Research & Development,3660,8,No,7.333333333333333,Low
1098,Human Resources,10482,20,Yes,15.0,Low
1099,Research & Development,7119,3,No,3.6666666666666665,Low
1100,Sales,9582,8,Yes,75.33333333333333,High
1101,Research & Development,4508,13,Yes,72.0,High
1102,Research & Development,2207,4,No,32.73888888888889,Medium
1103,Research & Development,7756,6,No,12.333333333333334,Low
1105,Sales,6694,1,No,2.3333333333333335,Low
1106,Research & Development,3691,7,Yes,74.0,High
1107,Research & Development,2377,1,Yes,99.66666666666667,High
1108,Research & Development,2313,2,Yes,97.33333333333334,High
1109,Research & Development,17665,22,No,0.6666666666666667,Low
1111,Research & Development,2596,1,Yes,94.66666666666667,High
1113,Sales,4728,0,Yes,19.0,Low
1114,Sales,4302,3,No,0.33333333333333337,Low
1115,Research & Development,2979,0,No,5.333333333333334,Low
1116,Research & Development,16885,5,No,3.0,Low
1117,Sales,5593,15,No,1.6666666666666667,Low
1118,Research & Development,10445,8,No,15.666666666666668,Low
1119,Sales,8740,8,No,17.75,Low
1120,Research & Development,2514,7,No,2.0,Low
1121,Research & Development,7655,9,No,13.333333333333334,Low
1124,Sales,17465,12,No,7.333333333333333,Low
1125,Sales,7351,1,No,5.0,Low
1126,Research & Development,10820,8,No,13.444444444444445,Low
1127,Research & Development,12169,18,Yes,64.66666666666666,Medium
1128,Research & Development,19626,20,No,1.0,Low
1131,Research & Development,2070,2,No,24.333333333333336,Low
1132,Research & Development,6782,5,No,27.683333333333334,Low
1133,Research & Development,7779,11,No,5.333333333333334,Low
1135,Sales,2791,2,No,16.0,Low
1136,Research & Development,3201,5,No,50.33333333333333,Medium
1137,Sales,4968,5,No,1.0,Low
1138,Sales,13120,9,No,11.0,Low
1140,Research & Development,4033,3,No,8.666666666666668,Low
1143,Research & Development,3291,7,No,7.333333333333333,Low
1148,Research & Development,4272,1,No,9.0,Low
1150,Research & Development,5056,10,No,11.666666666666666,Low
1152,Human Resources,2844,7,No,3.6666666666666665,Low
1154,Research & Development,2703,3,No,15.166666666666668,Low
1156,Research & Development,1904,0,Yes,90.0,High
1157,Sales,8224,5,Yes,36.666666666666664,Medium
1158,Research & Development,4766,1,No,5.333333333333334,Low
1160,Research & Development,2610,2,Yes,87.33333333333333,High
1161,Research & Development,5731,6,No,4.333333333333334,Low
1162,Research & Development,2539,4,No,3.6666666666666665,Low
1163,Sales,5714,6,No,26.8,Low
1164,Human Resources,4323,5,No,22.42857142857143,Low
1165,Sales,7336,11,Yes,79.66666666666666,High
1166,Research & Development,13499,18,No,26.666666666666668,Low
1167,Sales,13758,21,Yes,95.33333333333334,High
1171,Sales,5155,6,No,7.583333333333334,Low
1172,Research & Development,2258,8,No,3.3333333333333335,Low
1173,Research & Development,3597,4,No,11.666666666666666,Low
1175,Research & Development,2515,1,Yes,92.66666666666666,High
1177,Research & Development,4420,8,No,15.333333333333332,Low
1179,Sales,6578,10,No,1.0,Low
1180,Research & Development,4422,1,No,5.666666666666666,Low
1182,Research & Development,10274,7,No,9.0,Low
1184,Research & Development,5343,13,No,2.3333333333333335,Low
1185,Research & Development,2376,2,No,7.333333333333333,Low
1188,Sales,5346,4,Yes,96.62857142857143,High
1190,Sales,2827,1,No,45.33333333333333,Medium
1191,Research & Development,19943,5,No,20.333333333333332,Low
1192,Research & Development,3131,10,No,1.3333333333333335,Low
1193,Research & Development,2552,1,No,34.416666666666664,Medium
1195,Research & Development,4477,3,No,84.0,High
1196,Research & Development,6474,14,No,3.0,Low
1198,Research & Development,3033,2,No,27.27777777777778,Low
1200,Research & Development,2936,6,Yes,89.33333333333333,High
1201,Research & Development,18606,7,No,2.0,Low
1202,Research & Development,2168,5,No,22.0,Low
1203,Research & Development,2853,0,Yes,53.333333333333336,Medium
1204,Sales,17048,26,No,1.6666666666666667,Low
1206,Research & Development,2290,0,No,15.666666666666668,Low
1207,Human Resources,3600,5,No,10.333333333333334,Low
1210,Research & Development,2107,1,Yes,94.0,High
1211,Sales,4115,4,No,14.333333333333334,Low
1212,Sales,4327,0,No,8.333333333333332,Low
1215,Research & Development,17856,2,No,10.333333333333334,Low
1216,Research & Development,3196,6,No,3.6666666666666665,Low
1217,Research & Development,19081,4,No,4.0,Low
1218,Sales,8966,7,No,10.0,Low
1219,Research & Development,2210,1,Yes,91.66666666666666,High
1220,Sales,4539,10,No,12.888888888888891,Low
1221,Research & Development,2741,7,No,15.0,Low
1224,Research & Development,3491,10,No,25.555555555555554,Low
1225,Research & Development,4541,20,No,2.666666666666667,Low
1226,Sales,2678,2,No,5.666666666666666,Low
1228,Research & Development,7379,6,No,4.333333333333334,Low
1231,Human Resources,6272,4,No,3.6666666666666665,Low
1233,Sales,5220,11,No,1.0,Low
1234,Research & Development,2743,2,No,27.666666666666668,Low
1235,Research & Development,4998,8,No,2.666666666666667,Low
1237,Research & Development,10252,7,No,5.666666666666666,Low
1238,Research & Development,2781,14,No,7.333333333333333,Low
1239,Sales,6852,5,No,9.333333333333334,Low
1240,Sales,4950,4,No,1.0,Low
1241,Research & Development,3579,11,No,3.0,Low
1242,Research & Development,13191,1,No,23.666666666666668,Low
1243,Sales,10377,13,No,6.0,Low
1244,Research & Development,2235,9,No,30.666666666666664,Medium
1245,Research & Development,10502,5,No,8.0,Low
1246,Research & Development,2011,10,No,11.0,Low
1248,Research & Development,1859,1,Yes,98.33333333333333,High
1249,Research & Development,3760,3,No,4.666666666666667,Low
1250,Research & Development,17779,10,No,2.0,Low
1251,Research & Development,6833,6,No,21.666666666666668,Low
1252,Research & Development,6812,10,No,3.6666666666666665,Low
1254,Sales,5171,6,No,4.333333333333334,Low
1255,Research & Development,19740,8,No,23.0,Low
1256,Research & Development,18711,1,No,5.0,Low
1257,Research & Development,3692,11,No,13.333333333333334,Low
1258,Research & Development,2559,1,No,33.666666666666664,Medium
1259,Research & Development,2517,5,No,17.50462962962963,Low
1260,Research & Development,6623,6,No,3.6666666666666665,Low
1263,Research & Development,18265,1,No,0.33333333333333337,Low
1264,Research & Development,16124,7,No,3.0,Low
1265,Research & Development,2585,1,No,34.333333333333336,Medium
1267,Sales,18213,22,No,11.333333333333332,Low
1268,Sales,8380,9,No,1.0,Low
1269,Research & Development,2994,1,No,27.0,Low
1270,Research & Development,1223,1,No,27.666666666666668,Low
1273,Sales,1118,1,Yes,54.666666666666664,Medium
1275,Research & Development,2875,8,No,13.666666666666666,Low
1277,Sales,18824,24,Yes,77.66666666666666,High
1278,Research & Development,13577,33,No,4.0,Low
1279,Research & Development,2625,2,Yes,98.27777777777779,High
1280,Sales,18789,11,No,12.333333333333334,Low
1281,Sales,4538,3,No,3.0,Low
1282,Sales,19847,29,No,13.333333333333334,Low
1283,Research & Development,10512,9,No,13.333333333333334,Low
1285,Research & Development,4444,11,No,3.0,Low
1286,Research & Development,2154,4,No,10.333333333333334,Low
1288,Research & Development,19190,25,No,34.66666666666667,Medium
1289,Human Resources,4490,10,No,3.0,Low
1291,Research & Development,3506,3,No,22.75,Low
1292,Research & Development,2372,1,No,13.333333333333334,Low
1293,Sales,10231,21,No,5.333333333333334,Low
1294,Research & Development,5410,16,No,1.6666666666666667,Low
1295,Research & Development,7978,10,Yes,75.0,High
1296,Research & Development,3867,2,No,23.666666666666668,Low
1297,Research & Development,2838,7,No,76.58690476190476,High
1298,Research & Development,4695,8,No,8.0,Low
1299,Research & Development,3339,7,Yes,81.33333333333333,High
1301,Research & Development,2080,3,No,5.333333333333334,Low
1303,Research & Development,2096,2,No,31.666666666666664,Medium
1304,Sales,6209,10,No,3.3333333333333335,Low
1306,Research & Development,18061,0,No,3.0,Low
1307,Research & Development,17123,19,No,1.6666666666666667,Low
1308,Research & Development,2372,2,No,26.77777777777778,Low
1309,Research & Development,4883,10,Yes,65.0,Medium
1310,Research & Development,3904,5,Yes,91.96491228070175,High
1311,Research & Development,4627,9,No,0.33333333333333337,Low
1312,Research & Development,7094,7,No,2.666666666666667,Low
1314,Human Resources,3423,7,No,1.6666666666666667,Low
1315,Research & Development,6674,9,No,1.3333333333333335,Low
1317,Research & Development,16880,3,No,12.666666666666668,Low
1318,Sales,9094,5,Yes,20.666666666666668,Low
1319,Sales,8446,8,Yes,91.33333333333333,High
1321,Research & Development,11916,9,No,12.0,Low
1322,Research & Development,4534,8,No,12.5,Low
1324,Sales,9852,10,No,17.333333333333336,Low
1329,Sales,6151,19,No,1.3333333333333335,Low
1331,Sales,2302,3,Yes,85.0,High
1333,Research & Development,2362,3,Yes,56.99999999999999,Medium
1334,Research & Development,17861,20,No,8.0,Low
1336,Research & Development,19187,19,No,18.0,Low
1338,Human Resources,19717,7,No,20.666666666666668,Low
1340,Research & Development,3544,4,No,17.333333333333336,Low
1344,Research & Development,8500,9,No,6.333333333333334,Low
1346,Research & Development,4661,9,No,4.333333333333334,Low
1349,Sales,4103,9,No,2.3333333333333335,Low
1350,Research & Development,4249,9,No,37.22222222222222,Medium
1352,Human Resources,14026,33,No,4.666666666666667,Low
1355,Sales,6893,7,No,19.333333333333332,Low
1356,Sales,6125,10,No,1.6666666666666667,Low
1358,Research & Development,3669,3,No,23.0,Low
1360,Research & Development,10008,10,Yes,88.0,High
1361,Research & Development,2387,4,No,32.0,Medium
1362,Sales,4639,15,No,16.0,Low
1363,Research & Development,7898,10,No,2.0,Low
1364,Sales,2534,1,No,11.0,Low
1367,Research & Development,13142,5,No,11.0,Low
1368,Research & Development,1611,0,No,10.666666666666668,Low
1369,Research & Development,5363,9,No,0.33333333333333337,Low
1371,Sales,5071,6,No,1.3333333333333335,Low
1372,Sales,13695,19,Yes,93.33333333333333,High
1373,Research & Development,13402,19,No,1.0,Low
1374,Research & Development,2029,5,No,13.266666666666666,Low
1375,Research & Development,6377,12,No,4.0,Low
1377,Research & Development,5429,8,No,8.88888888888889,Low
1379,Sales,2785,1,Yes,74.66666666666667,High
1380,Sales,4614,4,Yes,80.0,High
1382,Research & Development,2610,4,No,2.3333333333333335,Low
1383,Research & Development,6687,14,No,0.33333333333333337,Low
1387,Sales,4724,5,No,14.333333333333334,Low
1389,Research & Development,6179,10,Yes,14.333333333333334,Low
1390,Sales,6120,5,No,13.0,Low
1391,Sales,10596,4,No,22.666666666666664,Low
1392,Research & Development,5467,6,No,1.6666666666666667,Low
1394,Research & Development,2996,6,No,27.666666666666668,Low
1395,Sales,9998,5,No,3.3333333333333335,Low
1396,Sales,4078,3,No,14.333333333333334,Low
1397,Research & Development,10920,6,No,6.666666666666667,Low
1399,Sales,6232,3,No,31.26969696969697,Medium
1401,Research & Development,13247,5,No,8.0,Low
1402,Research & Development,4081,20,No,11.333333333333332,Low
1403,Sales,5769,6,No,3.3333333333333335,Low
1405,Research & Development,2394,8,Yes,82.33333333333334,High
1407,Research & Development,3904,4,No,19.666666666666664,Low
1408,Human Resources,16799,20,No,0.6666666666666667,Low
1409,Research & Development,2950,5,No,17.333333333333336,Low
1411,Research & Development,3629,3,No,20.93611111111111,Low
1412,Research & Development,9362,2,No,13.666666666666666,Low
1415,Research & Development,3229,3,No,19.333333333333332,Low
1417,Research & Development,3578,7,No,24.459999999999997,Low
1419,Human Resources,7988,10,No,27.051282051282055,Low
1420,Research & Development,4284,4,Yes,88.33333333333333,High
1421,Research & Development,7553,8,Yes,84.66666666666667,High
1422,Research & Development,17328,20,No,1.6666666666666667,Low
1423,Research & Development,19701,9,No,77.66666666666666,High
1424,Research & Development,14732,7,No,4.333333333333334,Low
1425,Sales,9278,5,No,21.333333333333336,Low
1427,Sales,1359,1,Yes,94.33333333333334,High
1428,Sales,4779,3,No,8.333333333333332,Low
1430,Research & Development,16422,3,No,6.333333333333334,Low
1431,Research & Development,2996,4,No,3.0,Low
1433,Research & Development,1261,1,Yes,98.66666666666667,High
1434,Research & Development,2099,5,No,16.666666666666664,Low
1435,Research & Development,5810,10,No,7.000000000000001,Low
1436,Sales,5647,3,No,25.99794871794872,Low
1438,Research & Development,3420,6,No,8.0,Low
1439,Sales,4400,3,Yes,78.66666666666666,High
1440,Research & Development,3500,6,No,27.261904761904766,Low
1441,Research & Development,2066,3,No,46.666666666666664,Medium
1443,Research & Development,17169,20,No,5.666666666666666,Low
1445,Sales,4162,5,No,4.333333333333334,Low
1446,Sales,9204,4,No,11.333333333333332,Low
1447,Research & Development,3294,5,No,4.666666666666667,Low
1448,Research & Development,2127,4,No,91.0,High
1449,Research & Development,3975,8,No,6.666666666666667,Low
1453,Sales,10793,13,No,5.0,Low
1457,Sales,10096,7,Yes,71.0,High
1458,Research & Development,3646,1,Yes,96.0,High
1459,Research & Development,7446,10,Yes,71.0,High
1460,Research & Development,10851,7,No,16.666666666666664,Low
1461,Human Resources,2109,3,No,7.666666666666666,Low
1464,Research & Development,3722,2,Yes,83.33333333333334,High
1465,Research & Development,9380,3,No,13.333333333333334,Low
1466,Sales,5486,2,No,5.0,Low
1467,Human Resources,2742,2,Yes,85.66666666666667,High
1468,Research & Development,13757,9,No,19.333333333333332,Low
1469,Sales,8463,5,No,8.0,Low
1471,Research & Development,3162,5,No,14.666666666666666,Low
1472,Research & Development,16598,9,No,4.0,Low
1473,Research & Development,6651,3,No,22.3030303030303,Low
1474,Research & Development,2345,3,No,5.761904761904762,Low
1475,Research & Development,3420,5,No,5.333333333333334,Low
1477,Sales,4373,4,No,4.666666666666667,Low
1478,Sales,4759,13,No,14.000000000000002,Low
1479,Sales,5301,2,No,22.0,Low
1480,Research & Development,3673,12,No,3.6666666666666665,Low
1481,Sales,4768,1,No,20.333333333333332,Low
1482,Research & Development,1274,1,No,36.333333333333336,Medium
1483,Research & Development,4900,12,No,9.0,Low
1484,Research & Development,10466,8,No,18.666666666666668,Low
1485,Research & Development,17007,14,No,56.98039215686275,Medium
1486,Sales,2909,3,Yes,89.09523809523809,High
1487,Sales,5765,5,Yes,97.28039215686276,High
1489,Sales,4599,15,Yes,72.66666666666667,High
1492,Sales,2404,1,No,18.0,Low
1494,Research & Development,3172,0,Yes,93.66666666666667,High
1495,Sales,2033,1,No,68.33333333333333,Medium
1496,Research & Development,10209,2,No,19.666666666666664,Low
1497,Sales,8620,10,No,5.0,Low
1499,Human Resources,2064,5,No,11.333333333333332,Low
1501,Research & Development,4035,3,No,4.333333333333334,Low
1502,Research & Development,3838,5,No,22.208333333333332,Low
1503,Sales,4591,5,No,18.0,Low
1504,Research & Development,2561,0,Yes,89.0,High
1506,Research & Development,1563,1,No,32.666666666666664,Medium
1507,Sales,4898,4,No,15.226666666666663,Low
1509,Research & Development,4789,3,No,8.333333333333332,Low
1513,Research & Development,3180,3,No,2.3333333333333335,Low
1514,Research & Development,6549,8,No,34.0,Medium
1515,Research & Development,6388,0,No,2.666666666666667,Low
1516,Research & Development,11244,5,No,3.3333333333333335,Low
1520,Research & Development,16032,14,No,3.3333333333333335,Low
1522,Research & Development,2362,9,Yes,95.0,High
1523,Research & Development,16328,20,No,7.000000000000001,Low
1525,Research & Development,8376,2,No,24.333333333333336,Low
1527,Sales,16606,13,No,2.3333333333333335,Low
1529,Research & Development,8606,11,No,21.666666666666668,Low
1533,Research & Development,2272,4,No,15.583333333333332,Low
1534,Research & Development,2018,5,Yes,82.0,High
1535,Sales,7083,10,No,2.3333333333333335,Low
1537,Research & Development,4084,7,Yes,82.0,High
1539,Research & Development,14411,32,No,1.6666666666666667,Low
1541,Sales,2308,11,No,16.0,Low
1542,Research & Development,4841,1,No,15.666666666666668,Low
1543,Research & Development,4285,10,No,3.0,Low
1544,Research & Development,9715,7,No,20.28985507246377,Low
1545,Research & Development,4320,5,No,4.0,Low
1546,Research & Development,2132,5,No,2.0,Low
1547,Research & Development,10124,20,No,6.0,Low
1548,Sales,5473,8,No,6.0,Low
1549,Research & Development,5207,15,No,11.0,Low
1550,Human Resources,16437,21,No,1.3333333333333335,Low
1551,Research & Development,2296,1,No,30.666666666666664,Medium
1552,Research & Development,4069,2,No,3.3333333333333335,Low
1553,Research & Development,7441,10,No,13.0,Low
1554,Sales,2430,5,No,20.083333333333332,Low
1555,Research & Development,5878,7,No,1.6666666666666667,Low
1556,Sales,2644,3,No,14.000000000000002,Low
1557,Sales,6439,8,No,5.0,Low
1558,Research & Development,2451,1,No,29.666666666666668,Low
1560,Sales,6392,2,No,32.33128205128206,Medium
1562,Sales,9714,10,Yes,75.33333333333333,High
1563,Human Resources,6077,6,No,6.28888888888889,Low
1564,Research & Development,2450,3,No,14.333333333333334,Low
1568,Sales,9250,4,No,16.0,Low
1569,Research & Development,2074,1,Yes,99.33333333333333,High
1572,Research & Development,10169,33,Yes,18.333333333333332,Low
1573,Research & Development,4855,5,Yes,72.0,High
1574,Research & Development,4087,6,No,4.0,Low
1576,Research & Development,2367,8,No,33.33333333333333,Medium
1577,Research & Development,2972,1,No,24.333333333333336,Low
1578,Sales,19586,36,No,5.333333333333334,Low
1580,Research & Development,5484,2,No,19.666666666666664,Low
1581,Research & Development,2061,1,No,53.0,Medium
1582,Sales,9924,9,No,26.888888888888886,Low
1583,Sales,4198,3,No,14.166666666666666,Low
1585,Sales,6815,1,No,20.944444444444446,Low
1586,Research & Development,4723,10,No,19.333333333333332,Low
1587,Research & Development,6142,5,No,22.666666666666664,Low
1588,Sales,8237,7,No,2.666666666666667,Low
1590,Research & Development,8853,6,No,1.6666666666666667,Low
1591,Sales,19331,1,No,3.6666666666666665,Low
1592,Research & Development,2073,2,No,5.333333333333334,Low
1594,Research & Development,5562,3,No,10.0,Low
1595,Research & Development,19613,1,No,0.33333333333333337,Low
1596,Research & Development,3407,10,No,6.666666666666667,Low
1597,Research & Development,5063,8,No,17.42857142857143,Low
1598,Sales,4639,5,No,5.666666666666666,Low
1599,Research & Development,4876,6,No,5.0,Low
1601,Research & Development,2690,1,No,16.333333333333332,Low
1602,Sales,17567,26,No,7.666666666666666,Low
1604,Research & Development,2408,1,Yes,99.0,High
1605,Research & Development,2814,4,No,24.333333333333336,Low
1606,Research & Development,11245,30,No,6.666666666666667,Low
1607,Research & Development,3312,3,No,4.333333333333334,Low
1608,Research & Development,19049,22,No,3.3333333333333335,Low
1609,Research & Development,2141,6,No,86.4375,High
1611,Research & Development,5769,10,No,1.6666666666666667,Low
1612,Sales,4385,10,No,20.0,Low
1613,Sales,5332,5,No,5.0,Low
1614,Research & Development,4663,3,No,55.333333333333336,Medium
1615,Research & Development,4724,9,No,18.333333333333332,Low
1617,Research & Development,3211,9,No,44.333333333333336,Medium
1618,Research & Development,5377,7,No,7.420807453416149,Low
1619,Research & Development,4066,7,No,6.0,Low
1621,Research & Development,5208,16,No,17.333333333333336,Low
1622,Research & Development,4877,5,No,28.94666666666667,Low
1623,Research & Development,3117,2,No,5.333333333333334,Low
1624,Sales,1569,0,Yes,78.66666666666666,High
1625,Human Resources,19658,5,No,2.3333333333333335,Low
1627,Research & Development,3069,10,No,2.3333333333333335,Low
1628,Research & Development,10435,18,No,12.333333333333334,Low
1630,Research & Development,4148,14,No,1.0,Low
1631,Research & Development,5768,4,No,17.633333333333333,Low
1633,Research & Development,5042,9,No,20.666666666666668,Low
1635,Research & Development,5770,10,No,1.0,Low
1638,Research & Development,7756,5,No,2.0,Low
1639,Sales,10306,13,Yes,70.33333333333334,High
1640,Research & Development,3936,8,No,29.083333333333332,Low
1641,Research & Development,7945,4,No,11.666666666666666,Low
1642,Human Resources,5743,10,No,2.3333333333333335,Low
1644,Research & Development,15202,2,No,0.6666666666666667,Low
1645,Sales,5440,2,Yes,93.33333333333333,High
1646,Research & Development,3760,6,No,25.333333333333336,Low
1647,Research & Development,3517,3,No,24.18611111111111,Low
1648,Research & Development,2580,4,No,9.666666666666666,Low
1649,Research & Development,2166,4,Yes,98.66666666666667,High
1650,Sales,5869,5,No,14.733333333333334,Low
1651,Research & Development,8008,3,No,11.333333333333332,Low
1653,Research & Development,5206,7,No,9.0,Low
1654,Research & Development,5295,5,No,28.999999999999996,Low
1655,Research & Development,16413,4,No,4.333333333333334,Low
1656,Research & Development,13269,14,No,8.444444444444445,Low
1657,Sales,2783,2,No,10.333333333333334,Low
1658,Research & Development,5433,11,No,3.0,Low
1659,Research & Development,2013,4,No,21.333333333333336,Low
1661,Research & Development,13966,15,No,0.33333333333333337,Low
1662,Research & Development,4374,3,No,2.3333333333333335,Low
1664,Research & Development,6842,5,No,2.0,Low
1665,Research & Development,17426,10,No,2.3333333333333335,Low
1666,Research & Development,17603,14,No,1.6666666666666667,Low
1667,Sales,4581,11,Yes,3.0,Low
1668,Research & Development,4735,13,No,2.0,Low
1669,Sales,4187,10,No,13.666666666666666,Low
1670,Sales,5505,6,No,0.0,Low
1671,Research & Development,5470,9,No,18.333333333333332,Low
1673,Sales,5476,10,No,0.33333333333333337,Low
1674,Research & Development,2587,2,No,22.333333333333332,Low
1675,Research & Development,2440,4,No,3.3333333333333335,Low
1676,Sales,15972,3,No,3.0,Low
1677,Research & Development,15379,8,No,2.0,Low
1678,Sales,7082,2,No,7.666666666666666,Low
1680,Sales,2728,2,No,12.666666666666668,Low
1681,Sales,5368,6,No,7.666666666666666,Low
1682,Research & Development,5347,3,No,25.53968253968254,Low
1683,Human Resources,3195,2,No,6.666666666666667,Low
1684,Research & Development,3989,5,Yes,75.33333333333333,High
1687,Research & Development,3306,0,No,15.666666666666668,Low
1689,Research & Development,7005,4,No,9.0,Low
1691,Sales,2655,9,Yes,21.0,Low
1692,Research & Development,1393,1,Yes,77.33333333333333,High
1693,Research & Development,2570,7,No,2.3333333333333335,Low
1694,Research & Development,3537,4,No,24.13157894736842,Low
1696,Research & Development,3986,15,No,3.6666666666666665,Low
1697,Research & Development,10883,1,No,1.3333333333333335,Low
1698,Research & Development,2028,14,No,50.0,Medium
1700,Sales,9525,6,No,8.333333333333332,Low
1701,Research & Development,2929,10,No,3.0,Low
1702,Sales,2275,3,Yes,81.33333333333333,High
1703,Research & Development,7879,8,No,11.0,Low
1704,Research & Development,4930,5,No,19.0,Low
1706,Sales,7847,10,No,5.333333333333334,Low
1707,Research & Development,4401,5,No,16.666666666666664,Low
1708,Sales,9241,10,No,1.6666666666666667,Low
1709,Research & Development,2974,5,No,9.666666666666666,Low
1710,Sales,4502,13,No,16.0,Low
1712,Research & Development,10748,23,No,7.333333333333333,Low
1714,Human Resources,1555,1,Yes,85.66666666666667,High
1716,Sales,12936,23,Yes,82.33333333333334,High
1718,Research & Development,2305,3,No,16.666666666666664,Low
1719,Research & Development,16704,21,No,1.0,Low
1720,Research & Development,3433,5,No,74.0,High
1721,Research & Development,3477,5,No,9.0,Low
1722,Human Resources,6430,3,No,7.666666666666666,Low
1724,Research & Development,6516,1,No,46.33333333333333,Medium
1725,Research & Development,3907,6,No,22.666666666666664,Low
1727,Research & Development,5562,10,No,1.3333333333333335,Low
1728,Research & Development,6883,7,No,8.0,Low
1729,Research & Development,2862,10,No,7.000000000000001,Low
1731,Sales,4978,1,No,19.0,Low
1732,Sales,10368,10,No,6.666666666666667,Low
1733,Sales,6134,2,Yes,64.66666666666666,Medium
1734,Sales,6735,0,Yes,74.06944444444444,High
1735,Research & Development,3295,3,No,81.0,High
1736,Research & Development,5238,5,No,4.666666666666667,Low
1737,Research & Development,6472,9,No,1.0,Low
1739,Sales,9610,4,No,28.666666666666668,Low
1740,Sales,19833,21,No,14.333333333333334,Low
1744,Human Resources,9756,5,No,8.666666666666668,Low
1745,Research & Development,4968,9,No,2.0,Low
1746,Human Resources,2145,2,No,13.666666666666666,Low
1747,Human Resources,2180,4,Yes,83.33333333333334,High
1749,Sales,8346,5,No,17.5,Low
1751,Research & Development,3445,6,No,15.666666666666668,Low
1752,Sales,2760,2,Yes,91.22222222222223,High
1753,Research & Development,6294,3,No,2.3333333333333335,Low
1754,Sales,7140,7,No,13.333333333333334,Low
1755,Research & Development,2932,5,No,3.6666666666666665,Low
1756,Sales,5147,11,No,21.666666666666668,Low
1757,Sales,4507,5,No,0.33333333333333337,Low
1758,Sales,8564,0,Yes,93.0,High
1760,Research & Development,2468,6,No,21.666666666666668,Low
1761,Sales,8161,1,Yes,90.33333333333333,High
1762,Research & Development,2109,1,No,54.666666666666664,Medium
1763,Research & Development,5294,7,No,5.0,Low
1764,Research & Development,2718,7,No,28.666666666666668,Low
1766,Research & Development,5811,1,No,5.333333333333334,Low
1767,Research & Development,2437,1,Yes,91.33333333333333,High
1768,Research & Development,2766,5,No,92.58796296296296,High
1770,Research & Development,19038,1,No,22.666666666666664,Low
1771,Research & Development,3055,9,No,10.333333333333334,Low
1772,Research & Development,2289,5,No,20.314166666666665,Low
1774,Sales,4001,15,No,7.666666666666666,Low
1775,Research & Development,12965,3,No,9.333333333333334,Low
1778,Human Resources,3539,9,No,9.333333333333334,Low
1779,Sales,6029,2,No,1.3333333333333335,Low
1780,Sales,2679,1,Yes,99.0,High
1782,Research & Development,3702,5,No,8.666666666666668,Low
1783,Research & Development,2398,1,Yes,98.66666666666667,High
1784,Sales,5468,12,No,27.333333333333332,Low
1786,Research & Development,13116,2,No,14.916666666666668,Low
1787,Sales,4189,5,No,14.293333333333333,Low
1789,Research & Development,19328,2,No,2.666666666666667,Low
1790,Research & Development,8321,12,No,15.333333333333332,Low
1792,Research & Development,2342,5,Yes,85.33333333333334,High
1794,Human Resources,4071,10,No,32.666666666666664,Medium
1797,Sales,5813,10,Yes,72.33333333333334,High
1798,Research & Development,3143,10,No,7.333333333333333,Low
1799,Research & Development,2044,5,No,10.666666666666668,Low
1800,Research & Development,13464,4,No,10.333333333333334,Low
1801,Sales,7991,2,No,22.962962962962962,Low
1802,Research & Development,3377,4,No,18.0,Low
1803,Research & Development,5538,0,No,29.717948717948723,Low
1804,Research & Development,5762,7,No,2.3333333333333335,Low
1805,Human Resources,2592,11,No,22.333333333333332,Low
1807,Research & Development,5346,7,Yes,85.66666666666667,High
1809,Research & Development,4213,10,Yes,82.33333333333334,High
1812,Sales,4127,2,No,1.0,Low
1813,Research & Development,2438,3,No,83.42962962962962,High
1814,Research & Development,6870,3,No,29.133333333333333,Low
1815,Sales,10447,22,No,1.0,Low
1816,Research & Development,9667,7,No,56.99999999999999,Medium
1818,Human Resources,2148,5,Yes,60.333333333333336,Medium
1821,Research & Development,8926,9,Yes,73.66666666666667,High
1822,Research & Development,6513,5,No,1.6666666666666667,Low
1823,Sales,6799,10,No,4.333333333333334,Low
1824,Sales,16291,16,No,11.333333333333332,Low
1826,Research & Development,2705,5,No,25.0,Low
1827,Research & Development,10333,22,No,3.0,Low
1829,Research & Development,4448,7,No,14.583333333333334,Low
1830,Research & Development,6854,7,No,0.33333333333333337,Low
1833,Sales,9637,3,No,20.666666666666668,Low
1834,Research & Development,3591,3,No,30.0,Medium
1835,Sales,5405,4,No,7.666666666666666,Low
1836,Sales,4684,5,No,2.0,Low
1837,Research & Development,15787,2,No,9.333333333333334,Low
1839,Research & Development,1514,0,No,89.66666666666666,High
1842,Human Resources,2956,1,Yes,88.33333333333333,High
1844,Human Resources,2335,2,Yes,99.0,High
1845,Sales,5154,8,No,4.333333333333334,Low
1847,Research & Development,6962,1,No,2.3333333333333335,Low
1849,Sales,5675,7,No,2.3333333333333335,Low
1850,Research & Development,2379,5,No,12.0,Low
1852,Research & Development,3812,11,No,2.666666666666667,Low
1853,Sales,4648,0,No,3.0,Low
1854,Research & Development,2936,6,No,22.333333333333332,Low
1856,Research & Development,2105,2,No,18.333333333333332,Low
1857,Research & Development,8578,9,No,16.333333333333332,Low
1858,Human Resources,2706,3,No,3.0,Low
1859,Research & Development,6384,7,No,3.0,Low
1860,Research & Development,3968,0,No,8.333333333333332,Low
1862,Sales,9907,2,Yes,79.0,High
1863,Sales,13225,19,No,6.333333333333334,Low
1864,Sales,3540,9,No,22.666666666666664,Low
1865,Human Resources,2804,1,No,19.0,Low
1866,Research & Development,19392,16,No,16.666666666666664,Low
1867,Research & Development,19665,22,No,10.0,Low
1868,Research & Development,2439,1,Yes,94.33333333333334,High
1869,Sales,7314,8,Yes,85.66666666666667,High
1870,Research & Development,4774,7,No,14.666666666666666,Low
1871,Research & Development,3902,2,No,0.33333333333333337,Low
1873,Research & Development,2662,5,No,7.000000000000001,Low
1875,Sales,2856,1,No,35.25,Medium
1876,Sales,1081,1,Yes,91.0,High
1878,Research & Development,2472,1,Yes,85.66666666666667,High
1880,Sales,5673,10,No,4.0,Low
1881,Research & Development,4197,10,No,19.0,Low
1882,Sales,9713,5,No,14.000000000000002,Low
1883,Research & Development,2062,3,No,7.333333333333333,Low
1885,Research & Development,4284,5,No,0.6666666666666667,Low
1886,Research & Development,4788,3,No,7.666666666666666,Low
1888,Research & Development,5906,9,No,41.0,Medium
1890,Human Resources,3886,10,No,1.3333333333333335,Low
1892,Research & Development,16823,19,No,4.333333333333334,Low
1893,Research & Development,2933,1,No,55.333333333333336,Medium
1898,Sales,6500,8,No,46.0,Medium
1900,Research & Development,17174,22,No,0.6666666666666667,Low
1903,Research & Development,5033,2,No,25.333333333333336,Low
1905,Research & Development,2307,5,Yes,85.33333333333334,High
1907,Research & Development,2587,4,Yes,71.66666666666667,High
1908,Sales,5507,4,No,50.63333333333333,Medium
1909,Sales,4393,5,No,2.666666666666667,Low
1911,Research & Development,13348,13,No,2.666666666666667,Low
1912,Sales,6583,5,No,0.6666666666666667,Low
1915,Sales,8103,4,No,4.333333333333334,Low
1916,Research & Development,3978,2,No,28.945887445887447,Low
1918,Research & Development,2544,7,No,4.666666666666667,Low
1922,Research & Development,5399,4,No,38.666666666666664,Medium
1924,Sales,5487,10,No,19.445833333333333,Low
1927,Sales,6834,7,No,2.3333333333333335,Low
1928,Sales,1091,1,Yes,94.0,High
1929,Sales,5736,3,No,38.31111111111111,Medium
1931,Research & Development,2226,5,No,24.666666666666668,Low
1932,Research & Development,5747,15,No,2.3333333333333335,Low
1933,Sales,9854,2,Yes,77.0,High
1934,Research & Development,5467,8,No,4.333333333333334,Low
1935,Sales,5380,0,No,25.0,Low
1936,Research & Development,5151,10,No,3.3333333333333335,Low
1937,Research & Development,2133,20,No,5.666666666666666,Low
1938,Sales,17875,1,No,3.0,Low
1939,Research & Development,2432,4,Yes,93.66666666666667,High
1940,Research & Development,4771,5,No,2.3333333333333335,Low
1941,Research & Development,19161,5,No,4.333333333333334,Low
1943,Sales,5087,0,No,2.666666666666667,Low
1944,Human Resources,2863,1,Yes,98.66666666666667,High
1945,Sales,5561,5,No,25.331282051282056,Low
1947,Research & Development,2144,5,No,23.333333333333332,Low
1948,Research & Development,3065,4,No,20.333333333333332,Low
1949,Research & Development,2810,5,No,73.57916666666668,High
1950,Sales,9888,14,No,21.333333333333336,Low
1951,Sales,8628,8,No,5.333333333333334,Low
1952,Research & Development,2867,7,No,11.0,Low
1954,Research & Development,5373,5,No,10.666666666666668,Low
1955,Research & Development,6667,5,No,4.666666666666667,Low
1956,Research & Development,5003,10,No,8.666666666666668,Low
1960,Research & Development,2367,4,Yes,95.0,High
1961,Sales,2858,1,No,56.99999999999999,Medium
1962,Sales,5204,10,No,2.666666666666667,Low
1965,Sales,4105,7,No,3.6666666666666665,Low
1966,Research & Development,9679,1,No,2.0,Low
1967,Sales,5617,10,Yes,68.0,Medium
1968,Sales,10448,2,Yes,99.66666666666667,High
1969,Research & Development,2897,4,No,51.70000000000001,Medium
1970,Research & Development,5968,9,No,7.666666666666666,Low
1971,Research & Development,7510,10,No,30.666666666666664,Medium
1972,Human Resources,2991,6,No,11.0,Low
1973,Human Resources,19636,10,No,13.333333333333334,Low
1974,Research & Development,1129,1,No,32.33333333333333,Medium
1975,Sales,13341,20,No,2.3333333333333335,Low
1976,Research & Development,4332,20,No,1.3333333333333335,Low
1979,Research & Development,11031,11,No,0.6666666666666667,Low
1980,Research & Development,4440,5,No,9.956521739130435,Low
1981,Research & Development,4617,4,No,4.666666666666667,Low
1982,Research & Development,2647,5,No,1.3333333333333335,Low
1985,Research & Development,6323,10,No,4.333333333333334,Low
1986,Sales,5677,11,No,2.0,Low
1987,Human Resources,2187,2,No,7.666666666666666,Low
1989,Research & Development,3748,12,No,3.0,Low
1992,Research & Development,3977,2,No,14.333333333333334,Low
1993,Research & Development,8633,17,No,8.0,Low
1994,Research & Development,2008,1,No,29.666666666666668,Low
1995,Sales,4440,15,No,1.0,Low
1996,Sales,3067,2,No,28.666666666666668,Low
1997,Research & Development,5321,8,No,5.166666666666667,Low
1998,Research & Development,5410,4,No,22.0,Low
1999,Research & Development,2782,5,No,2.3333333333333335,Low
2000,Research & Development,11957,13,No,15.0,Low
2003,Research & Development,2660,2,No,19.333333333333332,Low
2007,Research & Development,3375,3,No,2.3333333333333335,Low
2008,Research & Development,5098,10,No,1.6666666666666667,Low
2009,Research & Development,4878,9,No,3.0,Low
2010,Research & Development,2837,6,No,22.166666666666668,Low
2012,Research & Development,2406,1,No,21.0,Low
2013,Sales,2269,2,No,21.333333333333336,Low
2014,Research & Development,4108,7,No,5.0,Low
2015,Research & Development,13206,18,No,8.666666666666668,Low
2016,Sales,10422,14,No,5.666666666666666,Low
2017,Research & Development,13744,16,No,9.0,Low
2018,Sales,4907,5,No,68.66666666666667,Medium
2019,Sales,3482,9,No,23.666666666666668,Low
2020,Research & Development,2436,4,No,11.333333333333332,Low
2021,Sales,2380,2,No,30.333333333333336,Medium
2022,Research & Development,19431,6,No,2.3333333333333335,Low
2023,Sales,1790,1,Yes,95.0,High
2024,Sales,7644,9,No,8.333333333333332,Low
2025,Research & Development,5131,4,No,3.6666666666666665,Low
2026,Research & Development,6306,13,No,5.0,Low
2027,Research & Development,4787,2,Yes,21.333333333333336,Low
2031,Research & Development,18880,22,No,11.666666666666666,Low
2032,Research & Development,2339,10,Yes,86.66666666666667,High
2034,Research & Development,13570,20,No,5.666666666666666,Low
2035,Sales,6712,8,No,6.666666666666667,Low
2036,Sales,5406,15,No,9.666666666666666,Low
2037,Sales,8938,5,No,12.0,Low
2038,Research & Development,2439,4,No,14.333333333333334,Low
2040,Human Resources,8837,9,No,57.99999999999999,Medium
2041,Sales,5343,10,No,3.6666666666666665,Low
2044,Sales,6728,6,Yes,80.27777777777777,High
2045,Sales,6652,6,No,8.666666666666668,Low
2046,Sales,4850,5,No,13.666666666666666,Low
2048,Research & Development,2809,2,No,4.0,Low
2049,Research & Development,5689,10,No,2.666666666666667,Low
2051,Research & Development,2001,5,No,10.333333333333334,Low
2052,Research & Development,2977,4,No,15.333333333333332,Low
2053,Research & Development,4025,4,No,3.3333333333333335,Low
2054,Research & Development,3785,5,No,20.333333333333332,Low
2055,Sales,10854,3,Yes,70.33333333333334,High
2056,Sales,12031,20,No,15.333333333333332,Low
2057,Research & Development,9936,9,No,32.58055555555555,Medium
2060,Sales,2966,4,No,4.666666666666667,Low
2061,Research & Development,2571,5,No,2.666666666666667,Low
2062,Research & Development,9991,7,No,17.333333333333336,Low
2064,Research & Development,6142,6,No,54.03985507246377,Medium
2065,Sales,5390,9,No,17.0,Low
2068,Research & Development,4404,4,No,26.0,Low
